{"speeds": {"1517291683": 19.999500012499688, "1517292622": 34.86750348675035}}